Gene name,GeneCards Identifier,localization 1,localization 2,localization 3
A2M,GC17P076453,plasma protein,,
ABCC8,C11M017392,PM,,
ABCC9,GC12M021797,PM,,
ABHD2,GC15P089087,ER membrane,,
ACTN1,GC14M068874,cytosol,,
ACTN2,GC01P236686,cytosol,,
ACTN3,GC11P066546,cytosol,,
ACTN4,GC19P038647,cytosol,,
ADAM10,GC15M058588,PM,Golgi apparatus ,
ADAMTS13,GC09P133414,,enzyme,
ADCY1,GC07P045580,PM-bound,,
ADCY10,GC01M167809,cytosol,,
ADCY5,GC03M123282,PM-bound,,
ADCY6,GC12M048766,PM-bound,,
ADCY8,GC08M130780,PM-bound,,
ADD1 ,GC04P002855,PM,PM-bound,cytosol
ADD2 ,GC02M070626,PM,PM-bound,cytosol
ADD3,GC10P109996,PM,PM-bound,cytosol
ADRA1A,GC08M026747,,,
ADRA1B,GC05P159867,,,
ADRA1D,GC20M004220,,,
ADRA2A ,GC10P111077,,,
AGTR1 ,GC03P148697,,,
AHCYL1,GC01P109984,cytosol,,
AHCYL2,GC07P129225,cytosol,,
AIF1,GC06P049351,cytosol,,
AIF1L,GC09P131099,cytosol,,
AKAP11,GC13P042272,cytosol,,
AKAP12,GC06P151239,cytosol,,
AKAP5,GC14P064465,cytosol,,
AKT1,GC14M104769,Cytosol,PM-bound,
ALG2,GC09M099216,EH hand,,
ALOX15,GC17M004630,Plat Domain,enzyme,arachidonic acid
ALOX15B,GC17P008039,Plat Domain,enzyme,arachidonic acid
ALOX5,GC10P045374,PLAT domain,enzyme,arachidonic acid
ALOX5AP,GC13P030713,,,arachidonic acid
AMN,GC14P102922,Endosome membrane,Membrane-bound,
ANK2,GC04P112706,PM-bound,,
ANKEF1,GC20P009987,Cytosol,PM-bound,
ANO1,GC11P069986,PM,,
ANO10 ,GC03M043355,PM,,
ANO2,GC12M005532,PM,,
ANO3 ,GC11P026188,PM,,
ANO4 ,GC12P100717,PM,,
ANO5,GC11P021799,PM,,
ANO6 ,GC12P045215,PM,,
ANO7 ,GC02P241188,PM,,
ANO8 ,GC19M017324,ER membrane,,
ANO9 ,GC19M017324,PM,,
ANXA1 ,GC05M151100,PM-bound,,
ANXA10,GC04P168081,PM-bound,,
ANXA11,GC10M080150,PM-bound,,
ANXA13,GC08M123680,PM-bound,,
ANXA2,GC15M060347,PM-bound,,
ANXA3,GC04P078551,PM-bound,,
ANXA4,GC02P069644,PM-bound,,
ANXA5,GC04M121667,PM-bound,,
ANXA6,GC05M151100,PM-bound,,
ANXA7,GC10M073375,PM-bound,,
ANXA8,GC10M047460,PM-bound,,
ANXA9,GC01P150982,PM-bound,,
APBA1,GC09M069427,,,
APBB1IP ,GC10P026462,PM,,
APC,GC05P112707,PM-bound,cytosol,
APCS,GC01P159587,,,
APP,GC21M025880,PM,early endosome,
APP,GC21M025880,,,
ARF1,GC01P228082,,,interacts with NCS-1
ARF6,GC14P049895,,,ORAI1 exocytosis
ARPP21 ,GC03P035680,cytosol,,
ASIC1,GC12P050057,PM,,
ASIC2,GC17M033013,PM,,
ASIC3,GC07P151048,PM,,
ASIC4,GC02P219514,PM,,
ASPH,GC08M061500,ER membrane,,
ASPH,GC08M061500,,,
ASPM,GC01M197084,cytosol,nucleus,
ASTN2 ,GC09M116425,endosome membrane,PM,
ATAD3A,GC01P002509,,,
ATF1,GC12P050763,Nucleus,,
ATF2 ,GC02M175072,Nucleus,,
ATP13A2,GC01M016985,,,
ATP2A1,GC16P029275,ER membrane,,
ATP2A2,GC12P110280,ER membrane,,
ATP2A3,GC17M003923,ER membrane,,
ATP2B1,GC12M089588,PM,,
ATP2B2,GC03M010324,PM,,
ATP2B3,GC0XP153517,PM,,
ATP2B4,GC01P203626,ER membrane,,
ATP2C1,GC03P130850,Golgi membre,PM,
ATP2C2,GC16P084368,Golgi membre,PM,
ATP5F1B,GC12M056639,mitochondria inner membrane,,
AVIL,GC12M057793,cytosol,,
AVPR1A ,GC12M063142,,,
AVPR1B,GC01M206109,,,
BAIAP3,GC16P001333,,,
BAK1,GC06M033572,mitochondria outer membrane,ER membrane,
BANK1,GC04P101411,cytosol,,
BAP1,GC03M052401,cytosol,nucleus,
BASP1,GC05P017065,PM-bound,cytosol,
BAX,GC19P048954,mitochondria outer membrane,ER membrane,
BCAP31,GC0XM153701,,MAM,
BCAP31 ,GC0XM153701,ER membrane,mitochondria-associated membranes,
BCL2,GC18M063123,cytosol,,
BCL2L1,GC20M031664,cytosol,,
BCL2L10,GC15M070682,ER membrane,mitochondria-associated membranes,
BDKRB1,GC14P096284,,,
BDKRB2,GC14P096205,,,
BEST1,GC11P061949,PM,ER membrane,
BEST2,GC19P012751 ,PM,ER membrane,
BEST3,GC12M069643,PM,ER membrane,
BEST4,GC01M044782,PM,ER membrane,
BIN1,GC02M127048,Channel localization,,
BLNK ,GC10M096202,cytosol,,
BMP1,GC08P022164,metalloprotease,,
BOK,GC02P241558,MAM,,
BOK ,GC02P241558,ER membrane,,
BRSK1 ,GC19P057756,cytosol,nucleus,
BTK,GC0XM101349,PM-bound,cytosol,
C2CD2L ,GC11P119102,PM,ER membrane,
C2CD5,GC12M022448,PM,vesicles,
C2CD5,GC12M022448,C2 domain-containing protein,,
C2CD6,GC02M201488,,,
C3AR1,GC12M008058,,,
C4orf3,GC04M119296,PM,,
C5AR1,GC19P047290,,,
C5AR2,GC19P047333,,,
CAB39,GC02P230712,cytosol,,
CAB39L,GC13M049308,,,
CABIN1,GC22P024011,cytosol,,
CABP1,GC12P120642,PM,Golgi apparatus ,cytoskeleton
CABP2,GC11M067536,PM,Golgi apparatus ,
CABP4,GC11P067453,PM,Golgi apparatus ,
CABP5,GC19M048029,cytosol,,
CABP7,GC22P029720,PM,Golgi apparatus ,
CABYR,GC18P024138,cytosol,nucleus,cytoskeleton
CACFD1,GC09P133459,PM,vesicles,
CACHD1,GC01P064470,,,
CACNA1A,GC19M013206,PM,,
CACNA1B,GC09P137877,PM,,
CACNA1C,GC12P001970,PM,,
CACNA1D,GC03P053328,PM,,
CACNA1E,GC01P181317,PM,,
CACNA1F,GC0XM049205,PM,,
CACNA1G,GC17P050561,PM,,
CACNA1H,GC16P001153,PM,,
CACNA1I,GC22P039570,PM,,
CACNA1S,GC01M201008,PM,,
CACNA2D1,GC07M081946,PM-bound,,
CACNA2D2,GC03M050401,PM-bound,,
CACNA2D3,GC03P054156,PM-bound,,
CACNA2D4,GC12M001791,PM-bound,,
CACNB1,GC17M039173,PM-bound,,
CACNB2,GC10P018165,PM-bound,,
CACNB3,GC12P048813,PM-bound,,
CACNB4,GC02M151832,PM-bound,,
CACNG1,GC17P067044,PM-bound,,
CACNG2,GC22M036561,PM-bound,,
CACNG3,GC16P024267,PM-bound,,
CACNG4,GC17P066964,PM-bound,,
CACNG5,GC17P066835,PM-bound,,
CACNG6,GC19P053991,PM-bound,,
CACNG7,GC19P053909,PM-bound,,
CACNG8,GC19P055585,PM-bound,,
CACYBP,GC01P174968,,,
CADPS,GC03M062398,vesicles,,
CADPS2,GC07M122318,vesicles,,
CALB1,GC08M090058,cytosol,nucleus,
CALB2,GC16P071392,cytosol,nucleus,
CALCOCO1,GC12M053709,cytosol,nucleus,
CALCOCO2,GC17P048830,autophagosome membrane,cytoskeleton,perinuclear region
CALCR,GC07M093424,,,
CALD1,GC07P134744,cytoskeleton,myofibril,
CALHM1 ,GC10M103454,PM,ER membrane,
CALHM2,GC10M103446,PM,,
CALHM3,GC10M103473,PM,,
CALHM4,GC06P116531,PM,,
CALHM5,GC06P116512,PM,,
CALHM6,GC06P116462,PM,,
CALM1,GC14P090396,cytosol,,
CALM2,GC02M047124,cytosol,,
CALM3,GC19P046601,cytosol,,
CALML3,GC10P005556,nucleus,,
CALML4,GC15M068190,Golgi apparatus,nucleus,cytosol
CALML5,GC10M005498,cytosol,nucleus,
CALML6,GC01P002537,??,,
CALN1,GC07M071780,Golgi membre,PM,ER membrane
CALR,GC19P012938,ER lumen,,
CALU,GC07P128739,ER membrane,golgi apparatus ,
CALY,GC10M133325,,,
CAMK1,GC03M009774,cytosol,nucleus,
CAMK1D,GC10P012349,cytosol,nucleus,
CAMK1G,GC01P209583,cytosol,nucleus,
CAMK2A,GC05M150219,cytosol,nucleus,
CAMK2B ,GC07M044217,cytosol,nucleus,
CAMK2D ,GC04M113452,cytosol,nucleus,
CAMK2G ,GC10M073812,cytosol,nucleus,
CAMK2N1,GC01M020482,cytosol,,
CAMK2N2,GC03M184259,cytosol,,
CAMK4,GC05P111223,cytosol,nucleus,
CAMKK1,GC17M003860,cytosol,nucleus,
CAMKK2,GC12M121696,cytosol,nucleus,
CAMKMT,GC02P044361,cytosol,nucleus,
CAMKV,GC03M050234,PM-bound,vesicles,
CAMLG,GC05P134738,,,
CAMSAP1,GC09M135808,,,
CAMSAP2,GC01P200739,,,
CAMSAP3,GC19P007595,,,
CAMTA1,GC01P006845,nucleoplasm,,
CAMTA2,GC17M005089,nucleoplasm,,
CANT1,GC17M078992,,,
CANX,GC05P179678,ER lumen,,
CAPG,GC02M085394,,,
CAPN1,GC11P065201,cytosol,PM-bound,
CAPN10,GC02P240586,,,
CAPN11,GC06P049597,cytosol,acrosome,
CAPN12,GC19M038730,cytosol,,
CAPN13,GC02M030722,cytosol,,
CAPN14,GC02M031173,cytosol,,
CAPN15,GC16P000527,cytosol,PM-bound,
CAPN2,GC01P223701,cytosol,PM-bound,
CAPN3,GC15P042359,nucleoplasm,cytosol,
CAPN5,GC11P077066,nucleoplasm,,
CAPN6,GC0XM111245,microtubule,,
CAPN7,GC03P015595,nucleoplasm,,
CAPN8,GC01M223538,cytosol,,
CAPN9,GC01P230747,cytosol,,
CAPNS1,GC19P038741,cytosol,nucleus,
CAPNS2,GC16P055566,cytosol,nucleus,
CAPRIN2,GC12M030709,,,
CAPS,GC19P005911,cytosol,,
CAPS2,GC12M075260,cytosol,,
CAPSL ,GC05M035905,cytosol,,
CARF,GC02P202912,,,
CARHSP1,GC16M008852,,,
CASK,GC0XM041514,,,
CASP1,GC11M105025,,,
CASP3,GC04M184627,,,
CASP9,GC01M015491,,,
CASQ1,GC01P160190,ER lumen,SR lumen,
CASQ2,GC01M115700,SR lumen,,
CASR,GC03P122183,PM,,
CAST,GC05P096525,cytosol,nucleus,
CATSPER1,GC11M066058,PM,,
CATSPER2,GC15M043628,PM,,
CATSPER3,GC05P134967,PM,,
CATSPER4,GC01P026201,PM,,
CATSPERB,GC14M091580,PM,,
CATSPERD,GC19P005720,PM,,
CATSPERE,GC01P244452,PM,,
CATSPERG,GC19P038805,PM,,
CATSPERZ,GC11P064304,PM,,
CAV1,GC07P116524,PM,golgi apparatus ,
CAVIN1,GC17M042404,cavelolae,,
CAVIN3,GC11M006319,cavelolae,,
CBARP,GC19M001228,PM,,
CBL,GC11P119206,PM,Golgi apparatus ,
CBLB,GC03M105655,cytosol,endocytosis vesicles,
CBLC,GC19P044777,PM,Golgi apparatus ,
CC2D1A,GC19P013907,,,
CCDC47,GC17M063745,,,
CCKAR,GC04M026483,,,
CCKBR,GC11P006259,,,
CCN2,GC06M131948,,,
CCN3,GC08P119416,,,
CCND1,GC11P069641,,,
CCR1,GC03M046218,,,
CCR2,GC03P046356,,,
CCR4,GC03P032951,,,
CCR5,GC03P046383,,,
CCR7,GC17M040556,,,
CD101,GC01P117001,,,
CD19,GC16P029293,,,
CD207,GC02M070830,,,
CD209,GC19M007739,,,
CD22,GC19P03531,,,
CD24,GC06M106969,,glycosyl-phosphatidylinositol (GPI-) anchor,
CD244,GC01M160830,,,
CD247,GC01M167399,,,
CD36,GC07P080369,,,
CD38,GC04P015779,,,
CD4,GC12P006786,,,
CD40,GC20P046118,,,
CD44,GC11P035139,,,
CD48,GC01M160648,,,
CD59,GC11M033704,,,
CD6,GC11P060971,,,
CD69,GC12M016929,,,
CD84,GC01M160541,,,
CDH1,GC16P068737,,,
CDH10,GC05M024522,,,
CDH11,GC16M064943,,,
CDH12,GC05M021786,,,
CDH13,GC16P082626,,,
CDH15,GC16P089171,,,
CDH16,GC16M066908,,,
CDH17,GC08M094127,,,
CDH18,GC05M019508,,,
CDH19,GC18M066501,,,
CDH2,GC18M027950,,,
CDH20,GC18P061333,,,
CDH22,GC20M046173,,,
CDH23,GC10P071396,,,
CDH24,GC14M023047,,,
CDH26,GC20P059958,,,
CDH3,GC16P068637,,,
CDH4,GC20P061252,,,
CDH5,GC16P066366,,,
CDH5,GC16P066366,,,
CDH6,GC05P031193,,,
CDH7,GC18P065750,,,
CDH8,GC16M061647,,,
CDH9,GC05M026916,,,
CDHR1,GC10P084194,,,
CDHR2,GC05P176542,,,
CDHR3,GC07P105876,,,
CDHR4,GC03M049790,,,
CDHR5,GC11M001537,,,
CDIPT ,GC16M030150,,,
CDK1,GC10P060772,,,
CDK4,GC12M057743,,,
CDK9,GC09P127893,cytosol,nucleoplasm,
CEACAM1,GC19M042507,CAMKII regulated,,
CEP97 ,GC03P101723,centrosome,,
CERK,GC22M046684,,,
CETN1,GC18P000580,centrosome,ciliae,
CETN2,GC0XM152827,centrosome,ciliae,
CETN3,GC05M090392,centrosome,ciliae,
CFAP221,GC02P119544,,,
CGREF1,GC02M027098,extracellular,,
CHCHD4,GC03M017915,mirochondria,,
CHERP,GC19M016489,ER membrane,nucleus,
CHGA,GC14P092923,,,
CHP1,GC15P041230,PM,nucleus,Golgi apparatus
CHP2,GC16P023911,PM,nucleus,
CHRM1,GC11M079900,,,
CHRM2,GC07P136868,,,
CHRM3,GC01P239386,,,
CHRNA1,GC02M174747,PM,,
CHRNA10,GC11M003666,PM,,
CHRNA2,GC08M027459,PM,,
CHRNA3,GC15M078594,PM,,
CHRNA4,GC20M063343,PM,,
CHRNA5,GC15P078565,PM,,
CHRNA6,GC08M042752,PM,,
CHRNA7,GC15P031923,PM,,
CHRNA9,GC04P040337,PM,,
CHRNB1,GC17P008540,PM,,
CHRNB2,GC01P154568,PM,,
CHRNB3,GC08P042697,PM,,
CHRNB4,GC15M078624,PM,,
CHRND,GC02P232525,PM,,
CHRNE,GC02P232539,PM,,
CIB1,GC15M090229,cytosol,membrane bound,
CIB2,GC15M078104,cytosol,membrane bound,
CIB3,GC19M016135,cytosol,membrane bound,
CIB4,GC02M026573,cytosol,membrane bound,nucleus
CISD2,GC04P102868,ER membrane,,
CLCA1,GC01P086468,secretory protein,PM-bound,
CLCA2,GC01P086424,PM,,
CLCA4,GC01P086547,secretory protein,PM-bound,
CLCN1,GC07P143316,PM,,
CLCN2,GC03M184346,PM,,
CLCN3,GC04P169612,PM,,
CLCN4,GC0XP010085,PM,,
CLCN5,GC0XP049922,PM,,
CLCN6,GC01P011806,PM,,
CLCN7,GC16M001444,PM,,
CLCNKA,GC01P016018,PM,,
CLCNKB,GC01P016043,PM,,
CLDN14,GC21M036460,,,
CLDN16,GC03P190290,,,
CLDN19,GC01M042742,,,
CLDN3,GC07M073768,,,
CLDN4,GC07P073799,,,
CLEC10A,GC17M007074,,,
CLEC4C,GC12M007695,, coupled fo PLCgamma2,
CLEC4E,GC12P008455,, coupled fo PLC,
CLEC6A,GC12M008535,, coupled fo PLC,
CLEC7A,GC12M016934,, coupled fo PLC,
CLGN,GC04M140388,,,
CLIC2,GC0XM155276,Intracellular Channel ,,
CLNK,GC04M010491,,,
CLSTN1,GC01M009729,,,
CLSTN2,GC03P139935,,,
CLSTN3,GC12P014232,,,
CLTA,GC09P036190,,,
CLTB,GC05M176392,,,
CMKLR1 ,GC12M108288,,,
CMYA5 ,GC05P079689,SR lumen,,
CNGA1,GC04M047935,PM,,
CNGA2,GC0XP151734,PM,,
CNGA3 ,GC02P098329,PM,,
CNGA4,GC11P006255,PM,,
CNGB1,GC16M057884,PM,,
CNGB1,GC16M057884,,,
CNGB3,GC08M086553,PM,,
CNGB3,GC08M086553,,,
CNN1,GC19P011539,Cytoskeleton,,
CNN2,GC19P001026,Cytoskeleton,,
CNN3,GC01M094896,Cytoskeleton,,
COMP,GC19M018783,,,
CPLX1,GC04M000784,,,
CPLX2,GC05P175797,,,
CPNE1,GC20M035626,,,
CPNE2,GC16P057126,,,
CPNE3,GC08P086514,,,
CPNE4,GC03M131533,,,
CPNE5,GC06M043488,,,
CPNE6,GC14P025584,,,
CPNE7,GC16P089575,,,
CPNE8,GC12M038646,,,
CPNE9,GC03P009703,,,
CPPED1,GC16M012659,,,
CR2,GC01P207454,,,
CRACR2A,GC12M004172,golgi apparatus,cytosol,vesicles
CRACR2B,GC11P000911,golgi apparatus,cytosol,vesicles
CRBN,GC03M003144,,,
CREB1,GC02P207529,,,
CREB3,GC09P036673,,,
CREBBP,GC16M004352,,,
CRELD1,GC03P011238,endoplasmic reticulum (ER) i,,Calcineurin regulator
CREM,GC10P035126,,,
CRHSP24,GC16M008852,cytosol,,
CRISP1,GC06M04990,,,
CRNN,GC01M152381,cytosol,,
CRTAC1,GC10M097865,,,
CRTC1 ,GC19P029043,cytosol,nucleus,
CRTC2 ,GC01M153947,cytosol,nucleus,
CTRB1,GC16P075218,,,
CTRC,GC01P015438,,,
CUL5,GC11P108008,,,
CX3CR1,GC03M039279,,,
CXCR1,GC02M218162,,,
CXCR2,GC02P218125,,,
CXCR3,GC0XM071615,,,
CXCR4,GC02M136114,,,
CXCR5,GC11P118912,,,
CXCR6,GC03P046154,,,
DAGLA,GC11P061680,,,
DAGLB,GC07M006416,,,
DAPK1,GC09P087497,cytosol,cytoskeleton,
DAPK2,GC15M063907,cytosol,cytoskeleton,
DAPP1,GC04P099816,,,
DCHS1,GC11M006621,,,
DCHS2,GC04M154232,,,
DDX3X,GC0XP041333,,,
DDX5,GC17M064498,,,
DGKA,GC12P055927,cytosol,,
DGKB,GC07M014145,cytosol,,
DGKG,GC03M186105,cytosol,,
DHHC21,GC09M014590,,,
DISC1,GC01P231626,Endoplasmic Reticulum Calcium,,
DLG3,GC0XP070444,cytosol,,
DLG4,GC17M007189,cytosol,,
DLG4,GC17M007189,,,
DMD,GC0XM031097,Cytoskeleton,membrane associated,
DNAJB9,GC07P108569,ER lumen,,
DNAJC3,GC13P095677,ER lumen,,
DNM1,GC09P128191,cytosol,microtubule,
DNM1L ,GC12P032679,Mitochondrion outer membrane,,
DOC2A,GC16M032167,,,
DOC2B,GC17M000142,,,
DPYSL2,GC08P026514,,,
DRD1,GC05M175440,,,
DRD2,GC11M113409,,,
DRD3,GC03M114128,,,
DRD4,GC11P001450,,,
DRD5,GC04P009783,,,
DSG1,GC18P031318,,,
DST,GC06M056457,cytoskeleton,cytoskeleton,
DTNA,GC18P034493,cytosol,,
DTNB,GC02M025378,cytosol,,
DUOX1,GC15P045129,PM,,
DUOX1,GC15P045129,activated by calcium,,
DUOX2,GC15M045092,PM,,
DUOX2,GC15M045092,activated by calcium,,
DUOXA1,GC15M045119,PM,,
DUOXA2,GC15P045114,PM,,
DUSP1,GC05M172768,,,
DYRK2,GC12P067558,NFTA phosphp,,
DYSF,GC02P071453,,,
DYTN,GC02M206651,cytosol,,
E2F4,GC16P067192,,,
E2F5,GC08P085177,,,
EDNRA,GC04P147480,,,
EDNRB,GC13M077895,,,
EEA1,GC12M092770,,,
EEF1A1,GC06M073515,cytosol,nucleoplasm,
EEF2K,GC16P022217,,,
EFCAB1,GC08M048710,cytosol,axoneme,
EFCAB10,GC07M105565,cytosol,,
EFCAB11,GC14M094614,cytosol,,
EFCAB12,GC03M129401,cytosol,,
EFCAB14,GC01M046675,cytosol,,
EFCAB2,GC01P244969,cytosol,axoneme,
EFCAB3,GC17P062343,cytosol,,
EFCAB5,GC17P029929,cytosol,,
EFCAB6,GC22M046284,cytosol,,
EFCAB7,GC01P063523,cytosol,,
EFCAB8,GC20P032853,cytosol,,
EFCAB9,GC05P172198,cytosol,,
EFCC1,GC03P130862,cytosol,,
EFEMP1,GC02M055865,extracellular matrix ,,
EFEMP2,GC11M065906,extracellular matrix ,,
EFHB,GC03M019879,cytosol,,
EFHC1,GC06P052362,cytoskeleton,microtubule,
EFHC2,GC0XM044146,cytoskeleton,microtubule,axoneme
EFHD1,GC02P232606,mitochondrion inner membrane,,
EFHD2,GC01P015409,cytosol,cytoskeleton,
EGFR,GC07P055019,,,
EIF2AK3,GC02M088556,,,
EIF3E,GC08M108163,,,
EIF4E,GC04M098879,,,
ELK1,GC0XM047635,,,
EMC1,GC01M019215,ER membrane,,
ENKUR,GC10M024982,cytosol,axoneme,
ENO1,GC01M008861,,,
ENPP1,GC06P131808,,,
ENPP2,GC08M119556,,,
ENTPD1,GC10P095711,purinergic signaling,enzyme,Ca2+ dependent
ENTPD4,GC08M023385,purinergic signaling,enzyme,Ca2+ dependent
ENTPD5,GC14M073958,,,Ca2+ dependent
ENTPD6,GC20P025196,,,Ca2+ dependent
ENTPD7,GC10P099659,,,Ca2+ dependent
EP300,GC22P041091,,,
EPB41,GC01P028887,Cytoskeleton,,
EPB41,GC01P028887,,,
EPCAM,GC02P047345,,,
EPN1,GC19P056044,,,
EPS15,GC01M051354,cytosol,membrane associated,
EPS15L1,GC19M016333,cytosol,membrane associated,
ERLIN1,GC10M100150,,,
ERLIN2,GC08P037736,,,
ERN1,GC17M064039,,,
ERN2,GC16M023690,,,
ERO1A,GC14M052640,,,
ERP44,GC09M099979,,,
ESR1,GC06P151656,,,
ESYT1,GC12P056256,ER membrane,,
ESYT2,GC07M158730,ER membrane,,
ESYT3,GC03P138434,ER membrane,,
EWSR1,GC22P029269,cytosol,nucleoplasm,
F10,GC13P113122,coagulation,,
F13A1,GC06M006144,,,
F2R,GC05P076716,,,
F2RL1,GC05P076818,,,
F2RL2,GC05M076615,,,
F2RL3,GC19P016888,,,
FAIM2,GC12M049866,,,
FAS,GC10P088969,,,
FASLG,GC01P172628,,,
FBLN1,GC22P045502,,,
FBLN5,GC14M091869,,,
FBN1,GC15M048408,extracellular matrix ,,
FBN2,GC05M128257,extracellular matrix ,,
FBP1,GC09M094603,,,
FBXL2,GC03P033277,,,
FCGR2A ,GC01P161505,,,
FCGR2B,GC01P161663,,,
FER1L5,GC02P096643,,,
FER1L6,GC08P123852,,,
FFAR1,GC19P047340,,,
FFAR2,GC19P046517,,,
FFAR3,GC19P047341,,,
FFAR4,GC10P093566,,,
FGA,GC04M154583,,,
FGFR1,GC08M038400,,,
FGG,GC04M154604,,,
FHIT,GC03M059747,,,
FIBCD1,GC09M130902,,,
FKBP10,GC17P041812,ER lumen,,
FKBP14,GC07M030010,,,
FKBP1A,GC20M001369,,,
FKBP1B,GC02P024033,,,
FKBP5 ,GC06M051553,cytosol,,
FKBP7,GC02M178463,ER lumen,,
FKBP8,GC19M018503,mitochondria,,
FKBP9,GC07P032957,ER lumen,,
FLG,GC01M152274,cytosol,cytoplasmic granules,
FLG2,GC01M152321,cytosol,cytoplasmic granules,
FLNA,GC0XM154348,,,
FLNB,GC03P058008,,,
FLNC ,GC07P128830,,,
FLT1,GC13M028300,,,
FMR1,GC0XP147916,,,
FN1,GC02M215360,,,
FOS,GC14P075278,,,
FOSB,GC19P045467,,,
FPR1,GC19M051745,,,
FPR2,GC19P051752,,,
FPR3,GC19P051795,,,
FRAS1 ,GC04P078056,PM,extracellular matrix,
FREM1,GC09M014734,PM,extracellular matrix,
FREM2,GC13P038687,PM,extracellular matrix,
FSTL1,GC03M120392,secretory protein,extracellular matrix,
FSTL4,GC05M133196,secretory protein,extracellular matrix,
FSTL5,GC04M161383,secretory protein,extracellular matrix,
FYN,GC06M111660,,,
FZD1,GC07P091264,,,
FZD10,GC12P130162,,,
FZD2,GC17P044557,,,
FZD3,GC08P028494,,,
FZD4,GC11M086945,,,
FZD5,GC02M207762,,,
FZD6,GC08P103298,,,
FZD7,GC02P202034,,,
FZD8,GC10M035638,,,
FZD9,GC07P073433,,,
GALR1,GC18P077250,,,
GALR2,GC17P076070,,,
GAP43,GC03P115623,cytosol,,
GCA,GC02P162318,cytosol,cytoplasmic granules,
GCH1,GC14M054842,,,
GEM,GC08M094249,,,
GEM,GC08M094249,,,
GHITM,GC10P084139,,,
GIPR,GC19P045668,,,
GJA1,GC06P121436,,,
GJA4,GC01P034792,,,
GJB1,GC0XP071212,,,
GJB2,GC13M020187,,,
GJC2,GC01P228287,,,
GNA11,GC19P003094,,,
GNA12,GC07M002728,,,
GNA13,GC17M065009,,,
GNA13,GC17M065009,,,
GNA13,GC17M065009,,,
GNA14,GC09M077423,,,
GNA15,GC19P003200,,,
GNAI2,GC03P050226,,,
GNAI3,GC01P109548,,,
GNAQ,GC09M077716,,,
GNAT3,GC07M080458,,,
GNB1,GC01M001785,,,
GNB2,GC07P100673,,,
GNB4,GC03M179397,,,
GNB5,GC15M072469,,,
GNG2,GC14P051826,,,
GNG3,GC11P062707,,,
GNG4,GC01M235547,,,
GNPTAB,GC12M101745,,,
GNRHR,GC04M067737,,,
GPD2,GC02P156435,mitochondria,,
GPER1,GC07P001789,,,
GPR132,GC14M105049,,,
GPR143,GC0XM009725,,,
GPR157,GC01M009100,,,
GPR17,GC02P127645,,,
GPR174 ,GC0XP079170,,,
GPR18 ,GC13M099254,,,
GPR20,GC08M141356,,,
GPR32,GC19P050770,,,
GPR33,GC14M031482,,,
GPR35,GC02P240605,,,
GPR4,GC19M045589,,,
GPR55,GC02M230907,,,
GPR62,GC03P051955,,,
GPR65,GC14P088005,,,
GPR68,GC14M091232,,,
GPR75,GC02M053852,,,
GPR87,GC03M151294,,,
GPRC6A,GC06M116793,,,
GPX8,GC05P055160,ER membrane,mitochondria-associated membranes (MAM),
GRAMD2A,GC15M072519,,,
GRB2,GC17M075318,,,
GRB2 ,GC17M075318,,,
GRB7,GC17P040020,cytosol,,
GRIA1,GC05P153467,,,
GRIA2,GC04P157204,,,
GRIA3,GC0XP123184,,,
GRIA4,GC11P105609,,,
GRID1,GC10M085599,,,
GRID2,GC04P092304,,,
GRIK1,GC21M029536,,,
GRIK2,GC06P100962,,,
GRIN1,GC09P137138,PM,,
GRIN2A,GC16M009753,PM,,
GRIN2B,GC12M013437,PM,,
GRIN2C,GC17M074842,PM,,
GRIN2D,GC19P048394,PM,,
GRIN3A,GC09M101569,PM,,
GRIN3B,GC19P001000,PM,,
GRINA,GC08P143990,PM associated,,
GRK2 ,GC11P067266,PM associated,,
GRK4 ,GC04P002963,,,
GRK5 ,GC10P119207,,,
GRK6,GC05P177403,,,
GRM1,GC06P145973,,,
GRM5,GC11M088504,,,
GRPR,GC0XP016141,,,
GSK3B,GC03M119821,cytosol,,
GSN,GC09P121201,cytosol,cytoskeleton,
GSN,GC09P121201,,,
GSTO1,GC10P104235,,,
GUCA1A,GC06P049571,cytosol,PM associated,
GUCA1B,GC06M043643,cytosol,PM associated,
GUCA1C,GC03M108907,,,
HABP2,GC10P113550,,,
HAP1 ,GC17M041717,,,
HAX1 ,GC01P154273,,,
HCRTR1,GC01P031587,,,
HCRTR2,GC06P055106,,,
HDAC4,GC02M239048,,,
HDAC5,GC17M044076,,,
HDAC7,GC12M047782,,,
HDAC9,GC07P018086,,,
HERPUD1,GC16P056931,,,
HK1,GC10P069269,,,
HK2,GC02P074833,,,
HOMER1,GC05M079372,cytosol,,
HOMER2,GC15M083584,cytosol,,
HOMER3,GC19M018933,cytosol,,
HPCA,GC01P032885,,,
HPCAL1,GC02P010302,,,
HPCAL4,GC01M039678,,,
HRC ,GC19M049151,,,
HRH1,GC03P011841,,,
HRH4,GC18P024460,,,
HRNR,GC01M152184,,,
HSP90B1,GC12P103930,,,
HSPA2,GC14P064535,,,
HSPA5,GC09M125234,ER lumen,,
HSPA9,GC05M138554,,,
HSPB1,GC07P076302,,,
HTR1A,GC05M063960,,,
HTR2A,GC13M046831,,,
HTR2B,GC02M231108,,,
HTR2C ,GC0XP114584,,,
HTT ,GC04P003041,,,
HYOU1,GC11M119082,,,
IHH,GC02M219054,,,
IL1RAPL1,GC0XP028605,,,
IMPA1,GC08M081656,,,
IMPA2,GC18P011981,,,
INPP1,GC02P190343,,,
INPP4A,GC02P098465,,,
INPP4B,GC04M142023,,,
INPP5A ,GC10P132537,,,
INPP5B,GC01M037860,,,
INPP5D,GC02P233059,,,
INPP5E,GC09M136428,,,
INPP5F,GC10P119704,,,
INPP5J,GC22P031110,,,
INPP5K,GC17M001494,,,
INPPL1 ,GC11P072223,,,
INVS ,GC09P100099,,,
IPMK ,GC10M058191,,,
IQCG,GC03M197889,,,
IQGAP1,GC15P090388,,,
IQGAP2,GC05P076403,,,
IQGAP3,GC01M156525,,,
IRAG1,GC11M010675,,,
IRAG2,GC12P025004,,,
ISYNA1,GC19M018406,,,
ITGA1,GC05P052788,,,
ITGA11,GC15M068296,,,
ITGA2,GC05P052989,,,
ITGA2B,GC17M044399,,,
ITGA3,GC17P050055,,,
ITGA4,GC02P181456,,,
ITGA5,GC12M054598,,,
ITGA6,GC02P172427,,,
ITGA7,GC12M055684,,,
ITGA8,GC10M015513,,,
ITGA9,GC03P037468,,,
ITGAL,GC16P030472,,,
ITGAM,GC16P037014,,,
ITGAV,GC02P186589,,,
ITGB1,GC10M032909,,,
ITGB1BP1,GC02M009391,,,
ITGB1BP1,GC02M009391,,,
ITGB2,GC21M044885,,,
ITGB3,GC17P047254,,,
ITK,GC05P157158,,,
ITK,GC05P157158,,,
ITPK1,GC14M092936,,,
ITPKA,GC15P041493,,,
ITPKB,GC01M226631,,,
ITPKC ,GC19P040718,,,
ITPR1,GC03P004486,,,
ITPR1 ,GC03P004486,SR,ER,
ITPR2,GC12M026336,SR,ER,
ITPR3,GC06P033620,SR,ER,
ITPRID1,GC07P031514,,,
ITPRID2,GC02P181892,,,
ITPRIP,GC10M104309,,,
ITPRIPL1,GC02P096356,,,
ITPRIPL2,GC16P019113,,,
ITSN1,GC21P033642,,,
ITSN2,GC02M024203,,,
JPH1,GC08M074234,,,
JPH2,GC20M044111,,,
JPH3,GC16P087601,,,
JPH4,GC14M023568,,,
JPT2,GC16P004821 ,,,
JSRP1,GC19M002252,,,
JUN ,GC01M058780,,,
KCNA1,GC12P008919,PM,,
KCNA10,GC01M110517,PM,,
KCNA2,GC01M110519,PM,,
KCNA3,GC01M110654,PM,,
KCNA4,GC11M030009,PM,,
KCNA5,GC12P005043,PM,,
KCNA6,GC12P004806,PM,,
KCNA7,GC19M049067,PM,,
KCNAB1,GC03P156037,PM,,
KCNAB2,GC01P006020,PM,,
KCNB1,GC20M049293,PM,,
KCNB2,GC08P072532,PM,,
KCNC1,GC11P017756,PM,,
KCNC2,GC12M075040,PM,,
KCNC3,GC19M050314,PM,,
KCNC4,GC01P110211,PM,,
KCND1,GC0XM048968,PM,,
KCND2,GC07P120273,PM,,
KCND3,GC01M111770,PM,,
KCNE1,GC21M034446,PM,,
KCNE2,GC21P034364,PM,,
KCNE3,GC11M074454,PM,,
KCNE4,GC02P223051,PM,,
KCNE5,GC0XM109623,PM,,
KCNF1,GC02P010911,PM,,
KCNG1,GC20M051003,PM,,
KCNG2,GC18P079797,PM,,
KCNG3,GC02M042442,PM,,
KCNG4,GC16M084255,PM,,
KCNH1,GC01M210678,PM,,
KCNH2,GC07M150944,PM,,
KCNH3,GC12P049539,PM,,
KCNH4,GC17M042160,PM,,
KCNH5,GC14M062699,PM,,
KCNH6,GC17P063523,PM,,
KCNH7,GC02M162371,PM,,
KCNH8,GC03P019165,PM,,
KCNIP1,GC05P170353,PM,,
KCNIP2,GC10M101825,PM,,
KCNIP3,GC02P095326,PM,,
KCNIP4,GC04M020728,PM,,
KCNJ1,GC11M128741,PM,,
KCNJ10,GC01M159998,PM,,
KCNJ11,GC11M017385,PM,,
KCNJ12,GC17P027496,PM,,
KCNJ13,GC02M232765,PM,,
KCNJ14,GC19P048455,PM,,
KCNJ15,GC21P038157,PM,,
KCNJ16,GC17P07005,PM,,
KCNJ18,GC17P027635,PM,,
KCNJ2,GC17P070168,PM,,
KCNJ3,GC02P154698,PM,,
KCNJ4,GC22M038426,PM,,
KCNJ5,GC11P128891,PM,,
KCNJ6,GC21M037607,PM,,
KCNJ8,GC12M021764,PM,,
KCNJ9,GC01P160079,PM,,
KCNK1,GC01P233614,PM,endosome,
KCNK10,GC14M088180,PM,,
KCNK12,GC02M047516,PM,,
KCNK13,GC14P090061,PM,,
KCNK15,GC20P044745,PM,,
KCNK16,GC06M043512,PM,,
KCNK17,GC06M043514,PM,,
KCNK18,GC10P117197,PM,,
KCNK2,GC01P215005,PM,,
KCNK3 ,GC02P026692,PM,,
KCNK4,GC11P064292,PM,,
KCNK5,GC06M043510,PM,,
KCNK6,GC19P038319,PM,,
KCNK7,GC11M065592,PM,,
KCNK9,GC08M139585,PM,,
KCNMA1,GC10M076869,PM,,
KCNMB1,GC05M170374,PM,,
KCNMB2,GC03P178272,PM,,
KCNMB3,GC03M179236,PM,,
KCNMB4,GC12P070369,PM,,
KCNN1,GC19P024461,PM,,
KCNN2,GC05P114058,PM,,
KCNN3,GC01M154697,PM,,
KCNN4,GC19M044000,PM,,
KCNQ1,GC11P002444,PM,,
KCNQ2,GC20M063400,PM,,
KCNQ3,GC08M132120,PM,,
KCNQ4,GC01P040784,PM,,
KCNQ5,GC06P072621,PM,,
KCNS1,GC20M045099,PM,,
KCNS2,GC08P098427,PM,,
KCNS3,GC02P017877,PM,,
KCNT1,GC09P135702,PM,,
KCNT2,GC01M196225,PM,,
KCNU1,GC08P036784,PM,,
KCNV1,GC08M109963,PM,,
KCNV2,GC09P002717,PM,,
KDR,GC04M055078,,,
KIF1A,GC02M240713,,,
KISS1R,GC19P001194,,,
KL,GC13P033016,,,
KSR2,GC12M117453,,,
KSR2 ,GC12M117453,,,
LALBA ,GC12M048567,,,
LAT,GC16P029299,,,
LCK,GC01P032251,,,
LCP1,GC13M046132,,,
LCP2,GC05M170246,,,
LETM1,GC04M001811,,,
LETM2,GC08P038385,,,
LGALS9,GC17P027629,,,
LILRB1,GC19P059972,,,
LILRB2,GC19M055944,,,
LILRB4,GC19M055934,,,
LIMK1,GC07P074082,,,
LIN37,GC19P038723,,,
LIN52,GC14P074084,,,
LIN54,GC04M082909,,,
LIN9,GC01M226231,,,
LMAN1,GC18M059327,,,
LPAR1,GC09M110873,,,
LPAR2,GC19M019624,,,
LPAR3,GC01M084811,,,
LPAR4,GC0XP078747,,,
LPAR5,GC12M006618,,,
LPAR6,GC13M048389 ,,,
LPCAT1,GC05M001456,,,
LPCAT2,GC16P055510,,,
LPL ,GC08P019901,,,
LRP1,GC12P057128,,,
LRRC26,GC09M137190,,,
LRRC38,GC01M013475,,,
LRRC52,GC01P165544,,,
LRRC55,GC11P057183,,,
LRRC8A,GC09P128882,PM,Lysosome membrane,
LRRC8B,GC01P089525,PM,Lysosome membrane,
LRRC8C,GC01P089615,PM,Lysosome membrane,
LRRC8D,GC01P089821,PM,Lysosome membrane,
LRRC8E,GC19P007888,PM,Lysosome membrane,
LRRK2,GC12P040196,,,
LTB4R,GC14P024311,,,
LTB4R2,GC14P029973,,,
LTBP1,GC02P033010,,,
LTBP2,GC14M074498,,,
LTBP3,GC11M065538,,,
LTBP4,GC19P040592,,,
LYN,GC08P055879,,,
MACF1,GC01P039082 ,,,
MAN1A1,GC06M119269,,,
MAN1B1,GC09P137086,,,
MAN1C1,GC01P025642,,,
MANF,GC03P051385,,,
MAOA,GC0XP043654,Mitochondria outer membrane,,
MAP2,GC02P209424,,,
MAP3K5 ,GC06M136557,,,
MAP6 ,GC11M075586,,,
MAPRE1,GC20P032819,cytosol,,
MAPT,,,,
MARCKS,GC06P113857,,,
MARCKSL1,GC01M032334,,,
MBL2,GC10M052760,,,
MBP,GC18M076978,,,
MCC,GC05M113022,,,
MCFD2,GC02M046901,,,
MCL1,GC01M150561,,,
MCOLN1,GC19P007523,Endosome/lysosome membrane,PM,vesicle membrane
MCOLN2,GC01M084925,Endosome/lysosome membrane,PM,vesicle membrane
MCOLN3,GC01M085019,Endosome/lysosome membrane,PM,vesicle membrane
MCU,GC10P072692,Mitochondria inner membrane,,
MCUB,GC04P109561,Mitochondria inner membrane,,
MCUR1,GC06M013788,Mitochondria inner membrane,,
MDK,GC11P046380,,,
MEF2A,GC15P099565,,,
MEF2B,GC19M019150,,,
MEF2C,GC05M088718,,,
MEF2D,GC01M156463,,,
MELK,GC09P036572,,,
MEP1B,GC18P032185,,,
MET,GC07P116672,,,
MGP,GC12M017644,,,
MICU1,GC10M072367,Mitochondria inner membrane,,
MICU2,GC13M021492,Mitochondria inner membrane,,
MICU3,GC08P017027,Mitochondria inner membrane,,
MINPP1,GC10P087504,,,
MIP,GC12M056449,,,
MLC1,GC22M050059,,,
MLKL,GC16M074672,,,
MLKL,GC16M074672,,,
MMP12,GC11M102862,,,
MMP26,GC11P004706,,,
MRGPRX1,GC11M018955,,,
MRLN ,GC10M059736,,,
MS4A1,GC11P060483,,,
MS4A12,GC11P060511,,,
MT-ATP6,GCMTP008531,,,
MT-ATP8,GCMTP008368,,,
MTNR1B,GC11P092969,,,
MYH1,GC17M010492,,,
MYH10,GC17M008474,,,
MYH11,GC16M015704,,,
MYH13,GC17M010300,,,
MYH14,GC19P050220,,,
MYH15 ,GC03M108380,,,
MYH2 ,GC17M010521,,,
MYH3,GC17M010628,,,
MYH4,GC17M010443,,,
MYH6 ,GC14M023380,,,
MYH7 ,GC14M023412,,,
MYH8,GC17M010390,,,
MYH9,GC22M036281,,,
MYL1,GC02M210290,,,
MYL10,GC07M101613,,,
MYL12A,GC18P003238,,,
MYL12B,GC18P003261,,,
MYL2,GC12M110910,,,
MYL3,GC03M046836,,,
MYL4,GC17P047189,,,
MYL5,GC04P000673,,,
MYL6,GC12P056158,,,
MYL6B,GC12P056276,,,
MYL7,GC07M044138,,,
MYL9,GC20P036541,,,
MYLK ,GC03M123610,,,
MYLK2,GC20P031819,,,
MYLK3,GC16M046821,,,
MYLPF,GC16P030370,,,
MYO10,GC05M016661,,,
MYO15A,GC17P018108,,,
MYO1A,GC12M057028,,,
MYO1B,GC02P191246,,,
MYO1C,GC17M001464,,,
MYO1D,GC17M032492,,,
MYO1E,GC15M059132,,,
MYO1F,GC19M008520,,,
MYO1G,GC07M044962,,,
MYO3A,GC10P025934,,,
MYO5A,GC15M071118,,,
MYO5B,GC18M049822,,,
MYO5C,GC15M071119,,,
MYO6,GC06P075749,,,
MYO7A,GC11P077128,,,
MYO9B,GC19P029010,,,
MYOC,GC01M171604,,,
MYOF,GC10M093306,,,
MYOZ1,GC10M073631,,,
MYOZ2 ,GC04P119135,,,
MYOZ3 ,GC05P150660,,,
MZB1,GC05M139387,,,
NALCN ,GC13M101053,,,
NAPA,GC19M047489,,,
NCALD,GC08M101704,,,
NCDN,GC01P035557,,,
NCS1,GC09P130172,,,
NECAB1,GC08P090791,,,
NECAB2,GC16P083968,,,
NECAB3,GC20M033659,,,
NEDD4 ,GC15M055826,,,
NEDD4L,GC18P058044,,,
NEUROD2,GC17M039603,,,
NFAM1,GC22M042380,,,
NFATC1,GC18P079395,,,
NFATC2,GC20M051386,,,
NFATC3,GC16P068119,,,
NFATC4,GC14P024365,,,
NID1,GC01M235975,,,
NID2,GC14M052004,,,
NIN,GC14M050719,,,
NINL,GC20M025452,,,
NIPSNAP2 ,GC07P055968,,,
NKD1,GC16P050548,,,
NKD2,GC05P000993,,,
NLGN1,GC03P173396,,,
NLGN2,GC17P009817,,,
NLGN3,GC0XP071144,,,
NLGN4X,GC0XM005840,,,
NLGN4Y,GC0YP014522,,,
NLRC5,GC16P056990,,,
NLRP3,GC01P247415,,,
NMUR1,GC02M231822,,,
NMUR2,GC05M152391,,,
NOL3 ,GC16P067189,,,
NOS1,GC12M117208,,,
NOS1AP ,GC01P162069,,,
NOS2,GC17M027756,,,
NOS3 ,GC07P150990,,,
NOTCH1,GC09M136623,,,
NOTCH1,GC09M136957,,,
NOTCH2,GC01M119911,,,
NOTCH3,GC19M015159,,,
NOTCH4,GC06M054209,,,
NOX5,GC15P073968,,,
NPSR1,GC07P034664,,,
NPTX1,GC17M080466,,,
NPTX2,GC07P098620 ,,,
NPTXR,GC22M038818,,,
NR4A1,GC12P052022,,,
NRGN,GC11P124739,,,
NRXN1,GC02M049918,,,
NRXN2,GC11M077407,,,
NRXN3,GC14P077980 ,,,
NT5E,GC06P085449,purinergic signaling,,
NTRK1,GC01P156815,,,
NTRK2,GC09P084668,,,
NTSR1 ,GC20P062708,,,
NTSR2,GC02M01164,,,
NUCB1,GC19P048900,Golgi apparatus,,
NUCB2,GC11P017224,Golgi apparatus,,
OCM,GC07P005891,,,
OCM2,GC07M097984,,,
OGDH,GC07P044606,,,
OGDHL,GC10M049734,,,
OPN3,GC01M241590,,,
OPRD1,GC01P028812,,,
OPRK1,GC08M053227,,,
OPRL1,GC20P064080,,,
OPRM1,GC06P154075,,,
ORAI1 ,GC12P123037,PM,,
ORAI2 ,GC07P102433,PM,,
ORAI3,GC16P030949,PM,,
ORMDL3,GC17M039921,ER membrane,,
OTOF,GC02M026458,,,
OTOL1,GC03P161430,,,
P2RX1,GC17M003896,PM,,
P2RX2,GC12P132618,PM,,
P2RX3,GC11P057356,PM,,
P2RX4,GC12P123034,PM,,
P2RX5,GC17M003672,PM,,
P2RX7,GC12P123032,PM,,
P2RY1,GC03P152835,,,
P2RY10,GC0XP078945,,,
P2RY11,GC19P010184,,,
P2RY12 ,GC03M151336,,,
P2RY2 ,GC11P073202,,,
P2RY4,GC0XM070258,,,
P2RY6,GC11P073264,,,
P2RY8,GC0XM001462,,,
P4HTM,GC03P049202,,,
PACS1,GC11P067549,,,
PACS2,GC14P105300,,,
PACSIN3,GC11M079649,,,
PADI1,GC01P017205,,,
PADI2,GC01M017066,,,
PADI3,GC01P017249,,,
PADI4,GC01P017308,,,
PADI6,GC01P017373,,,
PAK1,GC11M080433,SOCE modulation,,
PANX1,GC11P094128,PM,Gap junction,
PCLO,GC07M082754,,C2 domain,
PCNT,GC21P046324,,,
PCP4,GC21P039867,,,
PCSK1,GC05M096391,,,
PCSK6,GC15M112396,,,
PCSK9,GC01P055039,,,
PCYT1A,GC03M196214,,,
PDCD6,GC05P000272,,,
PDE1A,GC02M182140,,,
PDE1B,GC12P054549,,,
PDE1C,GC07M031616,,,
PDGFB,GC22M054541,,,
PDGFRA,GC04P054229,,,
PDGFRB,GC05M150113,,,
PDIA3,GC15P043746,,,
PDPK1,GC16P002537,,,
PDXP,GC22P037658,binds CB1,,
PDZD8,GC10M117277,mitochondria Ca2+ flux,,ER protein
PDZK1,GC01M145670,,,
PEA15,GC01P160205,,,
PEF1,GC01M031630,,,
PHB2,GC12M006965,,,
PHB2,GC12M006965,,,
PHKA1,GC0XM072578,,,
PHKA2,GC0XM018892,,,
PHKB,GC16P047436,,,
PHKG1,GC07M056281,,,
PHKG2,GC16P034550,,,
PI4K2A,GC10P097640,,,
PI4K2B,GC04P025167,,,
PI4KA,GC22M020707,,,
PI4KB,GC01M151291,,,
PICK1,GC22P038056,,,
PIEZO1,GC16M088715,PM,ER membrane,
PIEZO2,GC18M010670,PM,ER membrane,
PIK3C2A,GC11M017211,,,
PIK3C2B,GC01M204422,,,
PIK3C2G,GC12P018242,,,
PIK3C3,GC18P041955,,,
PIK3CA,GC03P179148,,,
PIK3CB,GC03M138652,,,
PIK3CD,GC01P009629,,,
PIK3CG,GC07P106865,,,
PIK3R1,GC05P068215,,,
PIK3R2,GC19P018153,,,
PIK3R3,GC01M046041,,,
PIK3R4,GC03M130678,,,
PIK3R5,C17M008878,,,
PIK3R6,GC17M008802,,,
PINK1,GC01P020634,,,
PIP4K2A,GC10M022484,,,
PIP4K2B,GC17M038765,,,
PIP4K2C,GC12P057591,,,
PIP4P1 ,GC14M020458,,,
PIP4P2,GC08M090994,,,
PIP5K1A,GC01P151198,,,
PIP5K1B,GC09P068705,,,
PIP5K1C,GC19M003631,,,
PIP5KL1,GC09M127920,,,
PITPNA,GC17M001525,,,
PITPNB,GC22M027851,,,
PITPNC1,GC17P067377,,,
PITPNM1,GC11M067521,,,
PITPNM2,GC12M122983,,,
PITPNM3 ,GC17M006451,,,
PKD1,GC16M002394,ER membrane,,
PKD1L1,GC07M047740,PM,priimary CIlia,
PKD1L2,GC16M081100,PM,,
PKD1L3,GC16M071962,PM,,
PKD2,GC04P088007,PM,,
PKD2L1,GC10M100288,PM,priimary CIlia,
PKD2L2,GC05P137888,PM,,
PLA2G10,GC16M014672,,,
PLA2G12A,GC04M109712,,,
PLA2G2A,GC01M019975,,,
PLA2G2C,GC01M020161,,,
PLA2G2E,GC01M019920,,,
PLA2G4A,GC01P186798,cytosol,,
PLA2G4B,GC15P041837,cytosol,,
PLA2G5,GC01P020028,,,
PLCB1,GC20P008061,cytosol,PM associated,
PLCB2,GC15M040278,cytosol,PM associated,
PLCB3,GC11P064251,cytosol,PM associated,
PLCB4,GC20P009024,cytosol,PM associated,
PLCD1,GC03M038008,cytosol,PM associated,
PLCD3,GC17M045108,cytosol,PM associated,
PLCD4,GC02P218608,cytosol,PM associated,
PLCE1,GC10P093993,cytosol,PM associated,
PLCG1,GC20P041136,cytosol,PM associated,
PLCG2,GC16P081773,cytosol,PM associated,
PLCH1,GC03M155381,cytosol,PM associated,
PLCH2,GC01P002413,cytosol,PM associated,
PLCL1,GC02P197804,,,
PLCL2,GC03P016803,,,
PLCZ1,GC12M018604,,,
PLN,GC06P118548,ER membrane,,
PLS1,GC03P142596,cytosol,microfilament,
PLS3,GC0XP115560,Cytosol,microfilament,
PLSCR1,GC03M146515,,,
PLSCR2,GC03M146392,,,
PLSCR2,GC03M146392,,,
PLSCR3,GC17M007389,,,
PLSCR4,GC03M146192,,,
PLSCR5,GC03M146576,,,
PML,GC15P073994,,,modulation of IP3R phosphorylation and in turn for IP3R-mediated Ca2+ release from ER.
PNCK,GC0XM153669,,,
PON1,GC07M095297,,,
PON2,GC07M095404,,,
PON3,GC07M095359,,,
PPEF1,GC0XP018676,cytosol,,
PPEF2,GC04M075859,cytosol,,
PPIA,GC07P044807,,,
PPIF,GC10P088442,Mito calcium,,
PPM1E,GC17P058756,cytosol,nucleoplasm,
PPM1F ,GC22M021919,cytosol,nucleoplasm,
PPP2R3A,GC03P135965,cytosol,,
PPP2R3B,GC0XM000334,cytosol,,
PPP2R3C,GC14M035085,cytosol,,
PPP3CA,GC04M101024,cytosol,,
PPP3CB,GC10M073436,cytosol,,
PPP3CC,GC08P022440,cytosol,,
PPP3R1,GC02M068143,cytosol,,
PPP3R2,GC09M101591,cytosol,,
PRF1,GC10M070597,PM,,
PRF1,GC10M070597,,,
PRKAA1,GC05M040759,cytosol,nucleoplasm,
PRKAA2,GC01P056645,cytosol,nucleoplasm,
PRKCA,GC17P066302,,,
PRKCB,GC16P023914,,,
PRKCG,GC19P053879,,,
PRKCSH,GC19P011435,,,
PRKN,GC06M161348,,,
PRNP,GC20P004686,,,
PROKR1,GC02P068643,,,
PROKR2,GC20M005372,,,
PRSS1,GC07P145196,,,
PSEN1,GC14P073136,,,
PSEN2,GC01P226870,,,
PTAFR,GC01M028147,,,
PTEN ,GC10P087863,,,
PTGDR2,GC11M060850,,,
PTGER3,GC01M070852,,,
PTGIR,GC19M060114,,,
PTH1R,GC03P046877,,,
PTK2B,GC08P027311,,,
PTK2B ,GC08P027311,,,
PTPA,GC09P129111 ,,,
PTPN11,GC12P112418,,,
PTPN6,GC12P009001,,,
PTPRQ,GC12P080402,,,
PVALB,GC22M036800,cytosol,,
PVALEF,GC17P081166,,,
PVALEF,GC17P081166,,,
RAB11B,GC19P008393,,,
RAB11FIP3,GC16P000425,endosome,,
RAB11FIP4,GC17P031391,endosome,,
RAB3A,GC19M018196,,,
RAC1,GC07P006377,,,
RAF1 ,GC03M012583,PM associated,,
RAPGEF4,GC02P172735,,,
RASA3,GC13M113977,,,
RASA4,GC07M102600,,,
RASAL1,GC12M113098,,,
RASEF,GC09M085386,Golgi apparatus,ER ,cytosol
RASGRF1,GC15M078959,,,
RASGRF2,GC05P080960,,,
RASGRP1,GC15M038488,PM associated,ER membrane,
RASGRP2,GC11M064726,PM associated,ER membrane,
RASGRP3,GC02P033436,PM associated,ER membrane,
RASGRP4,GC19M038409,,,
RB1,GC13P048303,nucleus,,
RBBP4,GC01P032651,,,
RBL1,GC20M036996,,,
RBL2,GC16P053433,,,
RCAN1,GC21M034513,,,
RCAN2,GC06M046220,,,
RCAN3,GC01P024502,,,
RCN1,GC11P032090,,,
RCN2,GC15P076931,,,
RCN3,GC19P049527,,,
RCVRN,GC17M009896,PM associated,cytosol,
REG1A,GC02P079120,,,
REG1B,GC02M079086,,,
REG3A,GC02M079157,,,
REG3G,GC02P078988,,,
REG4,GC01M119794,,,
RELA,GC11M065653,,,
REM1,GC20P031475,PM,,
REM2,GC14P022883,PM,,
REPS1,GC06M138903,cytosol,,
REPS2,GC0XP016946,cytosol,,
RGN,GC0XP047095,,,
RGS2,GC01P192809,,,
RGS4,GC01P163038,,,
RHBDL2,GC01M038885,PM ,,
RHBDL3,GC17P032266,PM ,ER membrane,
RHOA,GC03M049359,,,
RHOT1,GC17P032142,Mitochondrion outer membrane,,
RHOT2,GC16P001587,Mitochondrion outer membrane,,
RIMS1 ,GC06P071886,,,
RIMS2 ,GC08P103500,,,
RIMS3,GC01M040621,,,
RIPK2,GC14M024336,,,
RIPK3,GC06P003064,,,
RNF170,GC08M042854,,,
RPH3A,GC12P112570,ca2+ binding,,
RPH3A ,GC12P112570,synaptic vesicle membrane,,
RPTN,GC01M152153,extracellular matrix,,
RRAD,GC16M066925,PM,,
RTN4,GC02M054934,,,
RYR1,GC19P038809,SR membrane,ER membrane,
RYR2,GC01P237042,SR membrane,ER membrane,
RYR3,GC15P033310,SR membrane,ER membrane,
S100A1,GC01P153627,,,
S100A10,GC01M151955,,,
S100A11,GC01M152032,,,
S100A12,GC01M153373,,,
S100A13,GC01M153618,,,
S100A14,GC01M153614,,,
S100A16,GC01M153606,,,
S100A2,GC01M153561,,,
S100A3,GC01M153547,,,
S100A4,GC01M153543,,,
S100A5,GC01M153537,,,
S100A6,GC01M153535,,,
S100A7,GC01M153457,,,
S100A7a,GC01P153416,,,
S100A7L2,GC01M153436,,,
S100A8,GC01M153391,,,
S100A9,GC01P153357,,,
S100B,GC21M047706,,,
S100G,GC0XP016668,,,
S100P,GC04P006700,Cytosol ,Nucleoplasm,
S100Z,GC05P076850,Cytosol ,Nucleoplasm,
S1PR4 ,GC19P003196,,,
SACM1L,GC03P045692,,,
SARAF,GC08M030063,ER membrane,,
SCGN,GC06P025652,cytosol,secretory granules ,
SCHIP1,GC03P159273,,,
SCIN,GC07P012570,,,
SCIN,GC07P012570,,,
SDF4,GC01M001216,,,
SEC24A,GC05P134647,,,
SEC61A1,GC03P128051,ER membrane,,
SEC61A2,GC10P012130 ,ER membrane,,
SEC61B,GC09P099222,ER membrane,,
SEC61G,GC07M054752,ER membrane,,
SEC62,GC03P169966,ER membrane,,
SEC63,GC06M107867 ,ER membrane,,
SELENOF,GC01M086863,,,
SELENOK,GC03M053884,,,
SELENOM,GC22M031105,,,
SELENON,GC01P025800,,,
SELENOS,GC15M106274,,,
SELENOT,GC03P150603,,,
SELL,GC01M169690,,,Ca2+ binding
SEPTIN4,GC17M058522,PM associated,cytosol,
SEPTIN7,GC07P035853,PM associated,cytosol,
SESTD1,GC02M179101,,Ca2+ entry,
SH2D1A,GC0XP124227,,,
SH2D1B,GC01M162395,,,
SH3RF1,GC04M169094,Golgi apparatus,perinuclear region,
SHH,GC07M155799,,,
SIGLEC8,GC19M051450,PM,,
SIGMAR1,GC09M034634,ER membrane,,
SLA,GC08M133040,,,
SLA2,GC20M036613,,,
SLA2,GC20M036613,,,
SLAMF1,GC01M160608,,,
SLAMF7,GC01P160709,,,
SLC10A7,GC04M146253,PM,ER membrane,
SLC24A1,GC15P065611,PM,,
SLC24A2 ,GC09M019507,PM,,
SLC24A3,GC20P019212,PM,,
SLC24A4,GC14P092322,PM,,
SLC24A5,GC15P048120,PM,,
SLC25A12,GC02M171783,,,
SLC25A13,GC07M096120,,,
SLC25A23,GC19M006436,,,
SLC25A24,GC01M108134,,,
SLC25A25,GC09P128068,,,
SLC35G1,GC10P093893,,,
SLC5A11,GC16P024859,,,
SLC5A3,GC21P034113,,,
SLC8A1,GC02M040078,PM,ER membrane,inner mitochondria membrane
SLC8A2,GC19M047428,PM,ER membrane,inner mitochondria membrane
SLC8A3,GC14M070044,PM,ER membrane,inner mitochondria membrane
SLC8B1,GC12M113298,,,
SLC9A1,GC01M027109,PM,ER,
SLC9A3 ,GC05M000472,,,
SLC9A3R2,GC16P002508,,,
SLC9A3R2 ,GC16P004944,,,
SLN,GC11M107709,ER membrane,SR membrane,
SMAD1,GC04P145481,,,
SMAD2 ,GC18M047809,,,
SMARCA4,GC19P010932,,,
SMDT1,GC22P042079,Mitochondria inner membrane,,
SMOC1,GC14P069854,Extracellular matrix ,,
SMOC2,GC06P168441,Extracellular matrix ,,
SMPD1,GC11P006390,,,
SMTNL1,GC11P057537,myofibril,,
SNAP25,GC20P010218,,,
SNAPIN,GC01P153660,Ca2+ release,,
SNCA,GC04M089724,PM associated,Mitochondria-associated ER membranes,cytosol
SNTA1 ,GC20M033407,,,
SNTB1,GC08M120535,,,
SNTN,GC03P063652,Cilia,,
SP4,GC07P021434,,,
SPARC,GC05M151661,extracellular matrix,secreted protein,
SPARCL1,GC04M087473,extracellular matrix,secreted protein,
SPATA21,GC01M016387,cytosol,vesicles,
SPEG,GC02P219434,,,
SPG7,GC16P090751,MCU regulation,,
SPHK1,GC17P076376,Ca2+ influx,CaMKII interaction,
SPHK1 ,GC17P076376,,,
SPHK2,GC19P048619,Ca2+ influx,,
SPOCK1,GC05M136975,secreted protein,extracellular matrix,
SPOCK2,GC10M072059,secreted protein,extracellular matrix,
SPOCK3,GC04M166733,secreted protein,extracellular matrix,
SPPL3,GC12M121314,ER,Golgi apparatus,
SPR,GC02P072850,,,
SPTA1,GC01M158610,,,
SPTAN1,GC09P128552,cytoskeleton ,,
SPTBN1 ,GC02P054456,,,
SPTBN2,GC11M066684,,,
SRI,GC07M088205,cytosol,,
SRL,GC16M004189,,,
SRR,GC17P002303,ca2+ regulated,,
SRY,GC0YM002698,cytosol,nucleus,
SS18L1,GC20P062143,,,
SSH1 ,GC12M108784,,,
SSTR2,GC17P073165,,,
STAC ,GC03P036421,cytosol,,
STAC2,GC17M039214,cytosol,,
STAC3,GC12M057243,cytosol,,
STC2,GC05M173314,ER lumen,Golgi appratus,secreted protein
STIM1 ,GC11P003855,ER membrane,,
STIM2 ,GC04P026859,ER membrane,,
STIMATE,GC03M052856,ER membrane,ER-PM  junction,
STING1,GC05M139476,ER membrane,,
STOML2,GC09M035099,,Mito Ca2+,
STRIT1,GC03M155294,ER membrane,,
STRN,GC02M036815,PM associated,cytosol,
STRN3,GC14M030893,PM associated,cytosol,
STRN4 ,GC19M046719,PM associated,cytosol,
STX1A,GC07M073700,,,
STX1B,GC16M030989,,,
STXBP1,GC09P127582,,,
STXBP5,GC06P147204,,,
SUMO2,GC17M075165,,,
SURF4,GC09M133361,ER membrane,Golgi appratus membrane,ERGIC
SWAP70,GC11P009664,,,
SYK,GC09P091231,,,
SYNJ1,GC21M032628,,,
SYNJ2 ,GC06P157981,,,
SYNRG,GC17M037514,,,
SYT1,GC12P078863,secretory vesicles membrane,PM-bound,
SYT10,GC12M033374,secretory vesicles membrane,PM-bound,
SYT2,GC01M202559,secretory vesicles membrane,PM-bound,
SYT3,GC19M050621,secretory vesicles membrane,PM-bound,
SYT4,GC18M043267,secretory vesicles membrane,PM-bound,
SYT5,GC19M055172,secretory vesicles membrane,PM-bound,
SYT6,GC01M114089,secretory vesicles membrane,PM-bound,
SYT7,GC11M061513,secretory vesicles membrane,PM-bound,
SYT9,GC11P007238,secretory vesicles membrane,PM-bound,
TACR1,GC02M075010,,,
TACSTD2,GC01M058575,,,
TAS2R10,GC12M019117,,,
TAS2R16,GC07M122994,,,
TAS2R3,GC07P147515,,,
TAS2R4,GC07P147516,,,
TAS2R40,GC07P143222,,,
TAS2R43,GC12M011091,,,
TAS2R46,GC12M019125,,,
TAS2R7,GC12M010801,,,
TAS2R9,GC12M010809,,,
TBC1D10C,GC11P067403,nucleus,,
TBC1D8B,GC0XP106802,,,
TBC1D9,GC04M140621,,,
TBC1D9B,GC05M179862,,,
TBXA2R,GC19M003594,,,
TCHH,GC01M152106,cytosol,cytoskeleton,
TCHHL1,GC01M152085,cytosol,cytoskeleton,
TCP1,GC06M159778,cytosol,,
TEC ,GC04M048137,,,
TESC,GC12M117038,Cytosol,PM-bound,
TESPA1,GC12M054949,,,
TFEB,GC06M043570,,,
TGM2,GC20M038127,,,
TGM3,GC20P002296,,,
THBS1,GC15P039581,,,
THBS4,GC05P079991,,,
TIAM1,GC21M031118,,,
TIAM2,GC06P154832,,,
TLCD1,GC17M028724,,,
TLR9,GC03M052222,,,
TMBIM1,GC02M218274,,,
TMBIM4 ,GC12M066135,,,
TMBIM6,GC12P049707,ER,,
TMC1,GC09P072521,ER,,
TMC2 ,GC20P002536,ER,,
TMC3,GC15M081331,ER,,
TMC4,GC19M054160,ER,,
TMC5,GC16P019422,ER,,
TMC6 ,GC17M078110,ER,,
TMC8 ,GC17P078130,ER,,
TMCO1,GC01M165724,ER,,
TMEM100,GC17M055719,,,
TMEM165,GC04P055395,,,
TMEM178A,GC02P039664,ER membrane,,
TMEM203,GC09M137204,ER membrane,,
TMEM30A ,GC06M075252,,,
TMEM37 ,GC02P119429,,,
TMEM38A,GC19P016661,SR,ER,
TMEM38B,GC09P105694,SR,ER,
TMEM63A,GC01M225845,,,
TMEM63A ,GC19P016661,PM,,
TMEM63B,GC06P070360,,,
TMEM63B ,GC09P105694,PM,,
TMEM63C,GC14P077116,PM,,
TMEM63C,GC14P077116,,,
TMEM97 ,GC17P028319,,,
TNFRSF13B ,GC17M016929,,,
TNNC1,GC03M052452,cytosol,cytoskeleton,
TNNC2,GC20M045823,cytosol,cytoskeleton,
TNNI1,GC01M201404,,,
TNNI2,GC11P001839,,,
TNNI3,GC19M055151,,,
TNNT3,GC11P001920,,,
TOX3,GC16M052444,calcium-dependent transactivator,,
TPCN1,GC12P113221,endosome,lysosomes,
TPCN2,GC11P069066,endosome,lysosomes,
TPH2,GC12P071938,,,
TPT1,GC13M045333,Ca2+ regulated,,
TRDN,GC06M123198,,,
TREM2,GC06M043554,,,
TRHR,GC08P109084,,,
TRPA1,GC08M072019,PM,,
TRPC1,GC03P142724,PM,,
TRPC3,GC04M121879,PM,,
TRPC4,GC13M037636,PM,,
TRPC5,GC0XM111774,PM,,
TRPC6,GC11M101451,PM,,
TRPC7,GC05M136212,PM,,
TRPM1,GC15M031001,PM,lysosome membrane,
TRPM2,GC21P044350,PM,lysosome membrane,
TRPM3,C09M070529,PM,,
TRPM4,GC19P049157,PM,,
TRPM5,GC11M002425,PM,,
TRPM6,GC09M074725,PM,,
TRPM7,GC15M050552,PM,,
TRPM8,GC02P233917,PM,ER membrane,
TRPV1,GC17M003565,PM,ER membrane,
TRPV2,GC17P016415,PM,endosome/lysosome membrane,
TRPV3,GC17M003515,PM,,
TRPV4,GC12M109783,PM,,
TRPV5,GC07M142908,PM,,
TRPV6,GC07M142871,PM,,
TSPAN13,GC07P016753,,,
TSPAN7,GC0XP038561,,,
TSPO,GC22P043151,,,
TSPO,C22P043151,Mitochondria outer membrane,,
TTYH1,GC19P055610,PM,ER membrane,
TTYH2,GC17P074215,PM,ER membrane,
TTYH3,GC07P002638,PM,ER membrane,
TUSC2,GC03M050390,,,
TXK ,GC04M048066,,,
UBQLN1,GC09M083659,,,
UBR4 ,GC01M019074,,,
UMOD,GC16M020344,interacts with TRPV5,,
UNC13A ,GC19M017603,PM associated,vesicle membrane,
UNC13B ,GC09P035161,PM associated,vesicle membrane,
UNC13C,GC15P053838,PM associated,vesicle membrane,
UNC13D,GC17M075827,,,
UNC93B1,GC11M067991,ER membrane,,
USP32,GC17M060180,Golgi apparatus,,
USP6 ,GC17P005116,PM,endosome,
UTRN,GC06P144285,cytoskeleton ,cytosol,
VAMP2 ,GC17M009459,,,
VAPA,GC18P00990,ER membrane,Mitochondria-associated ER membranes,
VAPB,GC20P058389,ER membrane,Mitochondria-associated ER membranes,
VCAM1,GC01P100719,,,
VCP,GC09M035056,,,
VDAC1 ,GC05M133975,Mitochondria outer membrane,Mitochondria-associated ER membranes,
VDAC2,GC10P075210,Mitochondria outer membrane,Mitochondria-associated ER membranes,
VDAC3,GC08P042392,Mitochondria outer membrane,Mitochondria-associated ER membranes,
VIL1,GC02P218419,,,
VSNL1,GC02P017539,cytosol,PM-bound,
VSTM4 ,GC10M049014,,,
WDRR37,GC10P001093,,,
WFS1,GC04P006260,,,
WFS1,GC04P006260,,,
ZAP70,GC02P097696,,,
ZZEF1,GC17M004004,nucleus,mitochondria,